<?xml version="1.0"?>
<doc>
    <assembly>
        <name>Syncfusion.PropertyGrid.Wpf</name>
    </assembly>
    <members>
        <member name="T:Syncfusion.Windows.PropertyGrid.EnumHelper">
            <summary>  
            Helper class to allow users to get the values of a enumeration  
            </summary>  
        </member>
        <member name="M:Syncfusion.Windows.PropertyGrid.EnumHelper.GetValues``1">
            <summary>  
            Get values of an enumeration of type T  
            </summary>  
            <typeparam name="T">Enumeration type</typeparam>  
            <returns>List of types in a enumeration</returns>  
        </member>
        <member name="M:Syncfusion.Windows.PropertyGrid.EnumHelper.GetValues(System.Type)">
            <summary>  
            Get all the values of an enumeration of Type enumType  
            </summary>  
            <param name="enumType">Enumeration type</param>  
            <returns>Array of objects</returns>  
        </member>
        <member name="P:Syncfusion.Windows.PropertyGrid.Property.SelectedObject">
            <summary>
            Gets or sets the selected object.
            </summary>
            <value>The selected object.</value>
        </member>
        <member name="P:Syncfusion.Windows.PropertyGrid.Property.PropertyInformation">
            <summary>
            Gets or sets the property information.
            </summary>
            <value>The property information.</value>
        </member>
        <member name="P:Syncfusion.Windows.PropertyGrid.Property.Name">
            <summary>
            Gets the name.
            </summary>
            <value>The name.</value>
        </member>
        <member name="P:Syncfusion.Windows.PropertyGrid.Property.DisplayName">
            <summary>
            Gets the display name.
            </summary>
            <value>The display name.</value>
        </member>
        <member name="P:Syncfusion.Windows.PropertyGrid.Property.Category">
            <summary>
            Gets the category.
            </summary>
            <value>The category.</value>
        </member>
        <member name="P:Syncfusion.Windows.PropertyGrid.Property.Description">
            <summary>
            Gets the description.
            </summary>
            <value>The description.</value>
        </member>
        <member name="P:Syncfusion.Windows.PropertyGrid.Property.Browsable">
            <summary>
            Gets a value indicating whether this <see cref="T:Syncfusion.Windows.PropertyGrid.PropertyItem"/> is browsable.
            </summary>
            <value><c>true</c> if browsable; otherwise, <c>false</c>.</value>
        </member>
        <member name="P:Syncfusion.Windows.PropertyGrid.Property.IsReadOnly">
            <summary>
            Gets a value indicating whether this instance is read only.
            </summary>
            <value>
            	<c>true</c> if this instance is read only; otherwise, <c>false</c>.
            </value>
        </member>
        <member name="P:Syncfusion.Windows.PropertyGrid.Property.Value">
            <summary>
            Gets or sets the value.
            </summary>
            <value>The value.</value>
        </member>
        <member name="M:Syncfusion.Windows.PropertyGrid.PropertyGrid.#cctor">
            <summary>
            Initializes the <see cref="T:Syncfusion.Windows.PropertyGrid.PropertyGrid"/> class.
            </summary>
        </member>
        <member name="M:Syncfusion.Windows.PropertyGrid.PropertyGrid.#ctor">
            <summary>
            Initializes a new instance of the <see cref="T:Syncfusion.Windows.PropertyGrid.PropertyGrid"/> class.
            </summary>
        </member>
        <member name="F:Syncfusion.Windows.PropertyGrid.PropertyGrid.CategoryForegroundProperty">
            <summary>
            
            </summary>
        </member>
        <member name="F:Syncfusion.Windows.PropertyGrid.PropertyGrid.LineColorProperty">
            <summary>
            
            </summary>
        </member>
        <member name="F:Syncfusion.Windows.PropertyGrid.PropertyGrid.ViewBackgroundColorProperty">
            <summary>
            
            </summary>
        </member>
        <member name="F:Syncfusion.Windows.PropertyGrid.PropertyGrid.EnableGroupingProperty">
            <summary>
            
            </summary>
        </member>
        <member name="F:Syncfusion.Windows.PropertyGrid.PropertyGrid.SelectedObjectProperty">
            <summary>
            
            </summary>
        </member>
        <member name="F:Syncfusion.Windows.PropertyGrid.PropertyGrid.PropertiesProperty">
            <summary>
            
            </summary>
        </member>
        <member name="F:Syncfusion.Windows.PropertyGrid.PropertyGrid.SelectedObjectPropertiesProperty">
            <summary>
            
            </summary>
        </member>
        <member name="F:Syncfusion.Windows.PropertyGrid.PropertyGrid.SortDirectionProperty">
            <summary>
            
            </summary>
        </member>
        <member name="F:Syncfusion.Windows.PropertyGrid.PropertyGrid.HidePropertiesCollectionProperty">
            <summary>
            
            </summary>
        </member>
        <member name="F:Syncfusion.Windows.PropertyGrid.PropertyGrid.CustomEditorCollectionProperty">
            <summary>
            
            </summary>
        </member>
        <member name="M:Syncfusion.Windows.PropertyGrid.PropertyGrid.ParseObject(System.Object)">
            <summary>
            Parses the object.
            </summary>
            <param name="objItem">The obj item.</param>
            <returns></returns>
        </member>
        <member name="M:Syncfusion.Windows.PropertyGrid.PropertyGrid.GroupAndSort(Syncfusion.Windows.PropertyGrid.PropertyItemCollection)">
            <summary>
            Groups the and sort.
            </summary>
            <param name="propertyCollection">The property collection.</param>
            <returns></returns>
        </member>
        <member name="M:Syncfusion.Windows.PropertyGrid.PropertyGrid.FireValueChanged(Syncfusion.Windows.PropertyGrid.PropertyItem)">
            <summary>
            Fires the value changed.
            </summary>
            <param name="propertyItem">The property item.</param>
        </member>
        <member name="M:Syncfusion.Windows.PropertyGrid.PropertyGrid.OnExpanderStyleChanged(System.Windows.DependencyObject,System.Windows.DependencyPropertyChangedEventArgs)">
            <summary>
            Called when [expander style changed].
            </summary>
            <param name="obj">The obj.</param>
            <param name="args">The <see cref="T:System.Windows.DependencyPropertyChangedEventArgs"/> instance containing the event data.</param>
        </member>
        <member name="M:Syncfusion.Windows.PropertyGrid.PropertyGrid.OnSelectedObjectChanged(System.Windows.DependencyObject,System.Windows.DependencyPropertyChangedEventArgs)">
            <summary>
            Called when [selected object changed].
            </summary>
            <param name="obj">The obj.</param>
            <param name="args">The <see cref="T:System.Windows.DependencyPropertyChangedEventArgs"/> instance containing the event data.</param>
        </member>
        <member name="M:Syncfusion.Windows.PropertyGrid.PropertyGrid.OnSelectedObjectChanged(System.Windows.DependencyPropertyChangedEventArgs)">
            <summary>
            Raises the <see cref="E:SelectedObjectChanged"/> event.
            </summary>
            <param name="args">The <see cref="T:System.Windows.DependencyPropertyChangedEventArgs"/> instance containing the event data.</param>
        </member>
        <member name="M:Syncfusion.Windows.PropertyGrid.PropertyGrid.OnEnableGroupingChanged(System.Windows.DependencyObject,System.Windows.DependencyPropertyChangedEventArgs)">
            <summary>
            Called when [enable grouping changed].
            </summary>
            <param name="obj">The obj.</param>
            <param name="args">The <see cref="T:System.Windows.DependencyPropertyChangedEventArgs"/> instance containing the event data.</param>
        </member>
        <member name="M:Syncfusion.Windows.PropertyGrid.PropertyGrid.OnEnableGroupingChanged(System.Windows.DependencyPropertyChangedEventArgs)">
            <summary>
            Raises the <see cref="E:EnableGroupingChanged"/> event.
            </summary>
            <param name="args">The <see cref="T:System.Windows.DependencyPropertyChangedEventArgs"/> instance containing the event data.</param>
        </member>
        <member name="M:Syncfusion.Windows.PropertyGrid.PropertyGrid.OnSortDirectionChanged(System.Windows.DependencyObject,System.Windows.DependencyPropertyChangedEventArgs)">
            <summary>
            Called when [sort direction changed].
            </summary>
            <param name="obj">The obj.</param>
            <param name="args">The <see cref="T:System.Windows.DependencyPropertyChangedEventArgs"/> instance containing the event data.</param>
        </member>
        <member name="M:Syncfusion.Windows.PropertyGrid.PropertyGrid.OnSortDirectionChanged(System.Windows.DependencyPropertyChangedEventArgs)">
            <summary>
            Raises the <see cref="E:SortDirectionChanged"/> event.
            </summary>
            <param name="args">The <see cref="T:System.Windows.DependencyPropertyChangedEventArgs"/> instance containing the event data.</param>
        </member>
        <member name="M:Syncfusion.Windows.PropertyGrid.PropertyGrid.OnCategoryForegroundChanged(System.Windows.DependencyObject,System.Windows.DependencyPropertyChangedEventArgs)">
            <summary>
            Called when [category foreground changed].
            </summary>
            <param name="obj">The obj.</param>
            <param name="args">The <see cref="T:System.Windows.DependencyPropertyChangedEventArgs"/> instance containing the event data.</param>
        </member>
        <member name="M:Syncfusion.Windows.PropertyGrid.PropertyGrid.OnLineColorChanged(System.Windows.DependencyObject,System.Windows.DependencyPropertyChangedEventArgs)">
            <summary>
            Called when [line color changed].
            </summary>
            <param name="obj">The obj.</param>
            <param name="args">The <see cref="T:System.Windows.DependencyPropertyChangedEventArgs"/> instance containing the event data.</param>
        </member>
        <member name="M:Syncfusion.Windows.PropertyGrid.PropertyGrid.OnViewBackgroundColorChanged(System.Windows.DependencyObject,System.Windows.DependencyPropertyChangedEventArgs)">
            <summary>
            Called when [view background color changed].
            </summary>
            <param name="obj">The obj.</param>
            <param name="args">The <see cref="T:System.Windows.DependencyPropertyChangedEventArgs"/> instance containing the event data.</param>
        </member>
        <member name="M:Syncfusion.Windows.PropertyGrid.PropertyGrid.OnViewForegroundColorChanged(System.Windows.DependencyObject,System.Windows.DependencyPropertyChangedEventArgs)">
            <summary>
            Called when [view foreground color changed].
            </summary>
            <param name="obj">The obj.</param>
            <param name="args">The <see cref="T:System.Windows.DependencyPropertyChangedEventArgs"/> instance containing the event data.</param>
        </member>
        <member name="M:Syncfusion.Windows.PropertyGrid.PropertyGrid.OnApplyTemplate">
            <summary>
            When overridden in a derived class, is invoked whenever application code or internal processes call <see cref="M:System.Windows.FrameworkElement.ApplyTemplate"/>.
            </summary>
        </member>
        <member name="E:Syncfusion.Windows.PropertyGrid.PropertyGrid.SelectedObjectChanged">
            <summary>
            Occurs when [selected object changed].
            </summary>
        </member>
        <member name="E:Syncfusion.Windows.PropertyGrid.PropertyGrid.SortDirectionChanged">
            <summary>
            Occurs when [sort direction changed].
            </summary>
        </member>
        <member name="E:Syncfusion.Windows.PropertyGrid.PropertyGrid.EnableGroupingChanged">
            <summary>
            Occurs when [enable grouping changed].
            </summary>
        </member>
        <member name="E:Syncfusion.Windows.PropertyGrid.PropertyGrid.ValueChanged">
            <summary>
            Occurs when [value changed].
            </summary>
        </member>
        <member name="P:Syncfusion.Windows.PropertyGrid.PropertyGrid.ButtonPanelVisibility">
            <summary>
            Gets or sets the button panel visibility.
            </summary>
            <value>The button panel visibility.</value>
        </member>
        <member name="P:Syncfusion.Windows.PropertyGrid.PropertyGrid.CategoryForeground">
            <summary>
            Gets or sets the text color used for category headings.
            </summary>
            <value>The category foreground.</value>
        </member>
        <member name="P:Syncfusion.Windows.PropertyGrid.PropertyGrid.LineColor">
            <summary>
            Gets or sets the color of the borders and category heading background.
            </summary>
            <value>The color of the line.</value>
        </member>
        <member name="P:Syncfusion.Windows.PropertyGrid.PropertyGrid.ViewBackgroundColor">
            <summary>
            Gets or sets the background color of the propertyview.
            </summary>
            <value>The color of the view background.</value>
        </member>
        <member name="P:Syncfusion.Windows.PropertyGrid.PropertyGrid.EnableGrouping">
            <summary>
            Gets or sets a value indicating whether [enable grouping].
            </summary>
            <value><c>true</c> if [enable grouping]; otherwise, <c>false</c>.</value>
        </member>
        <member name="P:Syncfusion.Windows.PropertyGrid.PropertyGrid.SelectedObject">
            <summary>
            Gets or sets the object for which the grid displays properties.
            </summary>
            <value>The selected object.</value>
        </member>
        <member name="P:Syncfusion.Windows.PropertyGrid.PropertyGrid.Properties">
            <summary>
            Gets or sets the properties.
            </summary>
            <value>The properties.</value>
        </member>
        <member name="P:Syncfusion.Windows.PropertyGrid.PropertyGrid.CategoryEditors">
            <summary>
            Gets or sets the category editors.
            </summary>
            <value>The category editors.</value>
        </member>
        <member name="P:Syncfusion.Windows.PropertyGrid.PropertyGrid.SelectedObjectProperties">
            <summary>
            Gets or sets the selected object properties.
            </summary>
            <value>The selected object properties.</value>
        </member>
        <member name="P:Syncfusion.Windows.PropertyGrid.PropertyGrid.SortDirection">
            <summary>
              Gets or sets the type of sorting the PropertyGrid uses to display properties.
            </summary>
            <value>The sort direction.</value>
        </member>
        <member name="P:Syncfusion.Windows.PropertyGrid.PropertyGrid.HidePropertiesCollection">
            <summary>
            Gets or sets the hide properties collection.
            </summary>
            <value>The hide properties collection.</value>
        </member>
        <member name="P:Syncfusion.Windows.PropertyGrid.PropertyGrid.CustomEditorCollection">
            <summary>
            Gets or sets the custom editor collection.
            </summary>
            <value>The custom editor collection.</value>
        </member>
        <member name="F:Syncfusion.Windows.PropertyGrid.PropertyItem.ValueProperty">
            <summary>
            
            </summary>
        </member>
        <member name="M:Syncfusion.Windows.PropertyGrid.PropertyItem.OnValueChanged(System.Windows.DependencyObject,System.Windows.DependencyPropertyChangedEventArgs)">
            <summary>
            Called when [value changed].
            </summary>
            <param name="obj">The obj.</param>
            <param name="args">The <see cref="T:System.Windows.DependencyPropertyChangedEventArgs"/> instance containing the event data.</param>
        </member>
        <member name="M:Syncfusion.Windows.PropertyGrid.PropertyItem.OnValueChanged(System.Windows.DependencyPropertyChangedEventArgs)">
            <summary>
            Raises the <see cref="E:ValueChanged"/> event.
            </summary>
            <param name="args">The <see cref="T:System.Windows.DependencyPropertyChangedEventArgs"/> instance containing the event data.</param>
        </member>
        <member name="M:Syncfusion.Windows.PropertyGrid.PropertyItem.GetAttribute``1(System.Reflection.PropertyInfo)">
            <summary>
            Gets the attribute.
            </summary>
            <typeparam name="T"></typeparam>
            <param name="propertyInfo">The property info.</param>
            <returns></returns>
        </member>
        <member name="F:Syncfusion.Windows.PropertyGrid.PropertyItem.CategoryValuePropertiesProperty">
            <summary>
            
            </summary>
        </member>
        <member name="P:Syncfusion.Windows.PropertyGrid.PropertyItem.PropertyGrid">
            <summary>
            Gets or sets the property grid.
            </summary>
            <value>The property grid.</value>
        </member>
        <member name="P:Syncfusion.Windows.PropertyGrid.PropertyItem.SelectedObject">
            <summary>
            Gets or sets the selected object.
            </summary>
            <value>The selected object.</value>
        </member>
        <member name="P:Syncfusion.Windows.PropertyGrid.PropertyItem.PropertyInformation">
            <summary>
            Gets or sets the property information.
            </summary>
            <value>The property information.</value>
        </member>
        <member name="P:Syncfusion.Windows.PropertyGrid.PropertyItem.Name">
            <summary>
            Gets the name.
            </summary>
            <value>The name.</value>
        </member>
        <member name="P:Syncfusion.Windows.PropertyGrid.PropertyItem.DisplayName">
            <summary>
            Gets the display name.
            </summary>
            <value>The display name.</value>
        </member>
        <member name="P:Syncfusion.Windows.PropertyGrid.PropertyItem.Category">
            <summary>
            Gets the category.
            </summary>
            <value>The category.</value>
        </member>
        <member name="P:Syncfusion.Windows.PropertyGrid.PropertyItem.Description">
            <summary>
            Gets the description.
            </summary>
            <value>The description.</value>
        </member>
        <member name="P:Syncfusion.Windows.PropertyGrid.PropertyItem.PropertyType">
            <summary>
            Gets the type of the property.
            </summary>
            <value>The type of the property.</value>
        </member>
        <member name="P:Syncfusion.Windows.PropertyGrid.PropertyItem.CanWrite">
            <summary>
            Gets a value indicating whether this instance can write.
            </summary>
            <value><c>true</c> if this instance can write; otherwise, <c>false</c>.</value>
        </member>
        <member name="P:Syncfusion.Windows.PropertyGrid.PropertyItem.Browsable">
            <summary>
            Gets a value indicating whether this <see cref="T:Syncfusion.Windows.PropertyGrid.PropertyItem"/> is browsable.
            </summary>
            <value><c>true</c> if browsable; otherwise, <c>false</c>.</value>
        </member>
        <member name="P:Syncfusion.Windows.PropertyGrid.PropertyItem.IsReadOnly">
            <summary>
            Gets a value indicating whether this instance is read only.
            </summary>
            <value>
            	<c>true</c> if this instance is read only; otherwise, <c>false</c>.
            </value>
        </member>
        <member name="P:Syncfusion.Windows.PropertyGrid.PropertyItem.Value">
            <summary>
            Gets or sets the value.
            </summary>
            <value>The value.</value>
        </member>
        <member name="P:Syncfusion.Windows.PropertyGrid.PropertyItem.Editor">
            <summary>
            Gets or sets the editor.
            </summary>
            <value>The editor.</value>
        </member>
        <member name="P:Syncfusion.Windows.PropertyGrid.PropertyItem.PropertyEditor">
            <summary>
            Gets or sets the property editor.
            </summary>
            <value>The property editor.</value>
        </member>
        <member name="P:Syncfusion.Windows.PropertyGrid.PropertyItem.Template">
            <summary>
            Gets or sets the template.
            </summary>
            <value>The template.</value>
        </member>
        <member name="P:Syncfusion.Windows.PropertyGrid.PropertyItem.CategoryValueProperties">
            <summary>
            Gets or sets the category value properties.
            </summary>
            <value>The category value properties.</value>
        </member>
        <member name="P:Syncfusion.Windows.PropertyGrid.PropertyItem.Error">
            <summary>
            Gets an error message indicating what is wrong with this object.
            </summary>
            <value></value>
            <returns>An error message indicating what is wrong with this object. The default is an empty string ("").</returns>
        </member>
        <member name="P:Syncfusion.Windows.PropertyGrid.PropertyItem.Item(System.String)">
            <summary>
            Gets the <see cref="T:System.String"/> with the specified column name.
            </summary>
            <value></value>
        </member>
        <member name="T:Syncfusion.Windows.PropertyGrid.PropertyCatagoryViewItem">
            <summary>
            
            </summary>
        </member>
        <member name="F:Syncfusion.Windows.PropertyGrid.PropertyCatagoryViewItem.PropertyView">
            <summary>
            
            </summary>
        </member>
        <member name="F:Syncfusion.Windows.PropertyGrid.PropertyCatagoryViewItem.IsExpandedProperty">
            <summary>
            
            </summary>
        </member>
        <member name="F:Syncfusion.Windows.PropertyGrid.PropertyCatagoryViewItem.CategoryForegroundProperty">
            <summary>
            
            </summary>
        </member>
        <member name="F:Syncfusion.Windows.PropertyGrid.PropertyCatagoryViewItem.LineColorProperty">
            <summary>
            
            </summary>
        </member>
        <member name="M:Syncfusion.Windows.PropertyGrid.PropertyCatagoryViewItem.#ctor">
            <summary>
            Initializes a new instance of the <see cref="T:Syncfusion.Windows.PropertyGrid.PropertyCatagoryViewItem"/> class.
            </summary>
        </member>
        <member name="M:Syncfusion.Windows.PropertyGrid.PropertyCatagoryViewItem.IsItemItsOwnContainerOverride(System.Object)">
            <summary>
            Determines if the specified item is (or is eligible to be) its own container.
            </summary>
            <param name="item">The item to check.</param>
            <returns>
            true if the item is (or is eligible to be) its own container; otherwise, false.
            </returns>
        </member>
        <member name="M:Syncfusion.Windows.PropertyGrid.PropertyCatagoryViewItem.GetContainerForItemOverride">
            <summary>
            Creates or identifies the element that is used to display the given item.
            </summary>
            <returns>
            The element that is used to display the given item.
            </returns>
        </member>
        <member name="M:Syncfusion.Windows.PropertyGrid.PropertyCatagoryViewItem.PrepareContainerForItemOverride(System.Windows.DependencyObject,System.Object)">
            <summary>
            Prepares the specified element to display the specified item.
            </summary>
            <param name="element">Element used to display the specified item.</param>
            <param name="item">Specified item.</param>
        </member>
        <member name="M:Syncfusion.Windows.PropertyGrid.PropertyCatagoryViewItem.OnApplyTemplate">
            <summary>
            When overridden in a derived class, is invoked whenever application code or internal processes call <see cref="M:System.Windows.FrameworkElement.ApplyTemplate"/>.
            </summary>
        </member>
        <member name="M:Syncfusion.Windows.PropertyGrid.PropertyCatagoryViewItem.OnIsExpandedChanged(System.Windows.DependencyObject,System.Windows.DependencyPropertyChangedEventArgs)">
            <summary>
            Called when [is expanded changed].
            </summary>
            <param name="obj">The obj.</param>
            <param name="args">The <see cref="T:System.Windows.DependencyPropertyChangedEventArgs"/> instance containing the event data.</param>
        </member>
        <member name="M:Syncfusion.Windows.PropertyGrid.PropertyCatagoryViewItem.OnIsExpandedChanged(System.Windows.DependencyPropertyChangedEventArgs)">
            <summary>
            Raises the <see cref="E:IsExpandedChanged"/> event.
            </summary>
            <param name="args">The <see cref="T:System.Windows.DependencyPropertyChangedEventArgs"/> instance containing the event data.</param>
        </member>
        <member name="M:Syncfusion.Windows.PropertyGrid.PropertyCatagoryViewItem.UpdateVisualState(System.Boolean)">
            <summary>
            Updates the state of the visual.
            </summary>
            <param name="useTransitions">if set to <c>true</c> [use transitions].</param>
        </member>
        <member name="M:Syncfusion.Windows.PropertyGrid.PropertyCatagoryViewItem.OnCategoryForegroundChanged(System.Windows.DependencyObject,System.Windows.DependencyPropertyChangedEventArgs)">
            <summary>
            Called when [category foreground changed].
            </summary>
            <param name="obj">The obj.</param>
            <param name="args">The <see cref="T:System.Windows.DependencyPropertyChangedEventArgs"/> instance containing the event data.</param>
        </member>
        <member name="M:Syncfusion.Windows.PropertyGrid.PropertyCatagoryViewItem.OnLineColorChanged(System.Windows.DependencyObject,System.Windows.DependencyPropertyChangedEventArgs)">
            <summary>
            Called when [line color changed].
            </summary>
            <param name="obj">The obj.</param>
            <param name="args">The <see cref="T:System.Windows.DependencyPropertyChangedEventArgs"/> instance containing the event data.</param>
        </member>
        <member name="P:Syncfusion.Windows.PropertyGrid.PropertyCatagoryViewItem.IsExpanded">
            <summary>
            Gets or sets a value indicating whether this instance is expanded.
            </summary>
            <value>
            	<c>true</c> if this instance is expanded; otherwise, <c>false</c>.
            </value>
        </member>
        <member name="P:Syncfusion.Windows.PropertyGrid.PropertyCatagoryViewItem.CategoryForeground">
            <summary>
            Gets or sets the text color used for category headings.
            </summary>
            <value>The category foreground.</value>
        </member>
        <member name="P:Syncfusion.Windows.PropertyGrid.PropertyCatagoryViewItem.LineColor">
            <summary>
            Gets or sets the color of the borders and category heading background.
            </summary>
            <value>The color of the line.</value>
        </member>
        <member name="F:Syncfusion.Windows.PropertyGrid.PropertyView.SelectedPropertyProperty">
            <summary>
            
            </summary>
        </member>
        <member name="M:Syncfusion.Windows.PropertyGrid.PropertyView.OnSelectedPropertyChanged(System.Windows.DependencyObject,System.Windows.DependencyPropertyChangedEventArgs)">
            <summary>
            Called when [selected property changed].
            </summary>
            <param name="obj">The obj.</param>
            <param name="args">The <see cref="T:System.Windows.DependencyPropertyChangedEventArgs"/> instance containing the event data.</param>
        </member>
        <member name="M:Syncfusion.Windows.PropertyGrid.PropertyView.OnSelectedPropertyChanged(System.Windows.DependencyPropertyChangedEventArgs)">
            <summary>
            Raises the <see cref="E:SelectedPropertyChanged"/> event.
            </summary>
            <param name="args">The <see cref="T:System.Windows.DependencyPropertyChangedEventArgs"/> instance containing the event data.</param>
        </member>
        <member name="F:Syncfusion.Windows.PropertyGrid.PropertyView.SelectedItemProperty">
            <summary>
            
            </summary>
        </member>
        <member name="M:Syncfusion.Windows.PropertyGrid.PropertyView.OnSelectedItemChanged(System.Windows.DependencyObject,System.Windows.DependencyPropertyChangedEventArgs)">
            <summary>
            Called when [selected item changed].
            </summary>
            <param name="obj">The obj.</param>
            <param name="args">The <see cref="T:System.Windows.DependencyPropertyChangedEventArgs"/> instance containing the event data.</param>
        </member>
        <member name="M:Syncfusion.Windows.PropertyGrid.PropertyView.OnSelectedItemChanged(System.Windows.DependencyPropertyChangedEventArgs)">
            <summary>
            Raises the <see cref="E:SelectedItemChanged"/> event.
            </summary>
            <param name="args">The <see cref="T:System.Windows.DependencyPropertyChangedEventArgs"/> instance containing the event data.</param>
        </member>
        <member name="F:Syncfusion.Windows.PropertyGrid.PropertyView.EnableGroupingProperty">
            <summary>
            
            </summary>
        </member>
        <member name="M:Syncfusion.Windows.PropertyGrid.PropertyView.OnEnableGroupingChanged(System.Windows.DependencyObject,System.Windows.DependencyPropertyChangedEventArgs)">
            <summary>
            Called when [enable grouping changed].
            </summary>
            <param name="obj">The obj.</param>
            <param name="args">The <see cref="T:System.Windows.DependencyPropertyChangedEventArgs"/> instance containing the event data.</param>
        </member>
        <member name="M:Syncfusion.Windows.PropertyGrid.PropertyView.OnEnableGroupingChanged(System.Windows.DependencyPropertyChangedEventArgs)">
            <summary>
            Raises the <see cref="E:EnableGroupingChanged"/> event.
            </summary>
            <param name="args">The <see cref="T:System.Windows.DependencyPropertyChangedEventArgs"/> instance containing the event data.</param>
        </member>
        <member name="F:Syncfusion.Windows.PropertyGrid.PropertyView.CategoryForegroundProperty">
            <summary>
            
            </summary>
        </member>
        <member name="F:Syncfusion.Windows.PropertyGrid.PropertyView.LineColorProperty">
            <summary>
            
            </summary>
        </member>
        <member name="F:Syncfusion.Windows.PropertyGrid.PropertyView.ViewBackgroundColorProperty">
            <summary>
            
            </summary>
        </member>
        <member name="M:Syncfusion.Windows.PropertyGrid.PropertyView.OnCategoryForegroundChanged(System.Windows.DependencyObject,System.Windows.DependencyPropertyChangedEventArgs)">
            <summary>
            Called when [category foreground changed].
            </summary>
            <param name="obj">The obj.</param>
            <param name="args">The <see cref="T:System.Windows.DependencyPropertyChangedEventArgs"/> instance containing the event data.</param>
        </member>
        <member name="M:Syncfusion.Windows.PropertyGrid.PropertyView.OnLineColorChanged(System.Windows.DependencyObject,System.Windows.DependencyPropertyChangedEventArgs)">
            <summary>
            Called when [line color changed].
            </summary>
            <param name="obj">The obj.</param>
            <param name="args">The <see cref="T:System.Windows.DependencyPropertyChangedEventArgs"/> instance containing the event data.</param>
        </member>
        <member name="M:Syncfusion.Windows.PropertyGrid.PropertyView.OnViewBackgroundColorChanged(System.Windows.DependencyObject,System.Windows.DependencyPropertyChangedEventArgs)">
            <summary>
            Called when [view background color changed].
            </summary>
            <param name="obj">The obj.</param>
            <param name="args">The <see cref="T:System.Windows.DependencyPropertyChangedEventArgs"/> instance containing the event data.</param>
        </member>
        <member name="M:Syncfusion.Windows.PropertyGrid.PropertyView.#ctor">
            <summary>
            Initializes a new instance of the <see cref="T:Syncfusion.Windows.PropertyGrid.PropertyView"/> class.
            </summary>
        </member>
        <member name="M:Syncfusion.Windows.PropertyGrid.PropertyView.PrepareContainerForItemOverride(System.Windows.DependencyObject,System.Object)">
            <summary>
            Prepares the specified element to display the specified item.
            </summary>
            <param name="element">Element used to display the specified item.</param>
            <param name="item">Specified item.</param>
        </member>
        <member name="M:Syncfusion.Windows.PropertyGrid.PropertyView.IsItemItsOwnContainerOverride(System.Object)">
            <summary>
            Determines if the specified item is (or is eligible to be) its own container.
            </summary>
            <param name="item">The item to check.</param>
            <returns>
            true if the item is (or is eligible to be) its own container; otherwise, false.
            </returns>
        </member>
        <member name="M:Syncfusion.Windows.PropertyGrid.PropertyView.GetContainerForItemOverride">
            <summary>
            Creates or identifies the element that is used to display the given item.
            </summary>
            <returns>
            The element that is used to display the given item.
            </returns>
        </member>
        <member name="P:Syncfusion.Windows.PropertyGrid.PropertyView.SelectedProperty">
            <summary>
            Gets or sets the selected property.
            </summary>
            <value>The selected property.</value>
        </member>
        <member name="P:Syncfusion.Windows.PropertyGrid.PropertyView.SelectedItem">
            <summary>
            Gets or sets the selected item.
            </summary>
            <value>The selected item.</value>
        </member>
        <member name="P:Syncfusion.Windows.PropertyGrid.PropertyView.EnableGrouping">
            <summary>
            Gets or sets a value indicating whether [enable grouping].
            </summary>
            <value><c>true</c> if [enable grouping]; otherwise, <c>false</c>.</value>
        </member>
        <member name="P:Syncfusion.Windows.PropertyGrid.PropertyView.CategoryForeground">
            <summary>
            Gets or sets the text color used for category headings.
            </summary>
            <value>The category foreground.</value>
        </member>
        <member name="P:Syncfusion.Windows.PropertyGrid.PropertyView.LineColor">
            <summary>
            Gets or sets the color of the borders and category heading background.
            </summary>
            <value>The color of the line.</value>
        </member>
        <member name="P:Syncfusion.Windows.PropertyGrid.PropertyView.ViewBackgroundColor">
            <summary>
            Gets or sets the color of the view background.
            </summary>
            <value>The color of the view background.</value>
        </member>
        <member name="F:Syncfusion.Windows.PropertyGrid.PropertyViewItem.IsSelectedProperty">
            <summary>
            
            </summary>
        </member>
        <member name="F:Syncfusion.Windows.PropertyGrid.PropertyViewItem.IsMouseOverProperty">
            <summary>
            
            </summary>
        </member>
        <member name="M:Syncfusion.Windows.PropertyGrid.PropertyViewItem.#ctor">
            <summary>
            Initializes a new instance of the <see cref="T:Syncfusion.Windows.PropertyGrid.PropertyViewItem"/> class.
            </summary>
        </member>
        <member name="F:Syncfusion.Windows.PropertyGrid.PropertyViewItem.EditorTemplateProperty">
            <summary>
            
            </summary>
        </member>
        <member name="M:Syncfusion.Windows.PropertyGrid.PropertyViewItem.OnGotFocus(System.Windows.RoutedEventArgs)">
            <summary>
            Invoked whenever an unhandled <see cref="E:System.Windows.UIElement.GotFocus"/> event reaches this element in its route.
            </summary>
            <param name="e">The <see cref="T:System.Windows.RoutedEventArgs"/> that contains the event data.</param>
        </member>
        <member name="M:Syncfusion.Windows.PropertyGrid.PropertyViewItem.OnLostFocus(System.Windows.RoutedEventArgs)">
            <summary>
            Raises the <see cref="E:System.Windows.UIElement.LostFocus"/> routed event by using the event data that is provided.
            </summary>
            <param name="e">A <see cref="T:System.Windows.RoutedEventArgs"/> that contains event data. This event data must contain the identifier for the <see cref="E:System.Windows.UIElement.LostFocus"/> event.</param>
        </member>
        <member name="M:Syncfusion.Windows.PropertyGrid.PropertyViewItem.OnMouseLeftButtonDown(System.Windows.Input.MouseButtonEventArgs)">
            <summary>
            Invoked when an unhandled <see cref="E:System.Windows.UIElement.MouseLeftButtonDown"/> routed event is raised on this element. Implement this method to add class handling for this event.
            </summary>
            <param name="e">The <see cref="T:System.Windows.Input.MouseButtonEventArgs"/> that contains the event data. The event data reports that the left mouse button was pressed.</param>
        </member>
        <member name="M:Syncfusion.Windows.PropertyGrid.PropertyViewItem.OnMouseEnter(System.Windows.Input.MouseEventArgs)">
            <summary>
            Invoked when an unhandled <see cref="E:System.Windows.Input.Mouse.MouseEnter"/> attached event is raised on this element. Implement this method to add class handling for this event.
            </summary>
            <param name="e">The <see cref="T:System.Windows.Input.MouseEventArgs"/> that contains the event data.</param>
        </member>
        <member name="M:Syncfusion.Windows.PropertyGrid.PropertyViewItem.OnMouseLeave(System.Windows.Input.MouseEventArgs)">
            <summary>
            Invoked when an unhandled <see cref="E:System.Windows.Input.Mouse.MouseLeave"/> attached event is raised on this element. Implement this method to add class handling for this event.
            </summary>
            <param name="e">The <see cref="T:System.Windows.Input.MouseEventArgs"/> that contains the event data.</param>
        </member>
        <member name="M:Syncfusion.Windows.PropertyGrid.PropertyViewItem.OnIsSelectedChanged(System.Windows.DependencyObject,System.Windows.DependencyPropertyChangedEventArgs)">
            <summary>
            Called when [is selected changed].
            </summary>
            <param name="obj">The obj.</param>
            <param name="args">The <see cref="T:System.Windows.DependencyPropertyChangedEventArgs"/> instance containing the event data.</param>
        </member>
        <member name="M:Syncfusion.Windows.PropertyGrid.PropertyViewItem.OnIsSelectedChanged(System.Windows.DependencyPropertyChangedEventArgs)">
            <summary>
            Raises the <see cref="E:IsSelectedChanged"/> event.
            </summary>
            <param name="args">The <see cref="T:System.Windows.DependencyPropertyChangedEventArgs"/> instance containing the event data.</param>
        </member>
        <member name="M:Syncfusion.Windows.PropertyGrid.PropertyViewItem.OnIsMouseOverChanged(System.Windows.DependencyObject,System.Windows.DependencyPropertyChangedEventArgs)">
            <summary>
            Called when [is mouse over changed].
            </summary>
            <param name="obj">The obj.</param>
            <param name="args">The <see cref="T:System.Windows.DependencyPropertyChangedEventArgs"/> instance containing the event data.</param>
        </member>
        <member name="M:Syncfusion.Windows.PropertyGrid.PropertyViewItem.OnIsMouseOverChanged(System.Windows.DependencyPropertyChangedEventArgs)">
            <summary>
            Raises the <see cref="E:IsMouseOverChanged"/> event.
            </summary>
            <param name="args">The <see cref="T:System.Windows.DependencyPropertyChangedEventArgs"/> instance containing the event data.</param>
        </member>
        <member name="M:Syncfusion.Windows.PropertyGrid.PropertyViewItem.UpdateVisualState(System.Boolean)">
            <summary>
            Updates the state of the visual.
            </summary>
            <param name="useTransitions">if set to <c>true</c> [use transitions].</param>
        </member>
        <member name="F:Syncfusion.Windows.PropertyGrid.PropertyViewItem.NameProperty">
            <summary>
            
            </summary>
        </member>
        <member name="M:Syncfusion.Windows.PropertyGrid.PropertyViewItem.OnApplyTemplate">
            <summary>
            When overridden in a derived class, is invoked whenever application code or internal processes call <see cref="M:System.Windows.FrameworkElement.ApplyTemplate"/>.
            </summary>
        </member>
        <member name="P:Syncfusion.Windows.PropertyGrid.PropertyViewItem.IsSelected">
            <summary>
            Gets or sets a value indicating whether this instance is selected.
            </summary>
            <value>
            	<c>true</c> if this instance is selected; otherwise, <c>false</c>.
            </value>
        </member>
        <member name="P:Syncfusion.Windows.PropertyGrid.PropertyViewItem.IsMouseOver">
            <summary>
            Gets a value indicating whether the mouse pointer is located over this element (including child elements in the visual tree).
            </summary>
            <value></value>
            <returns>true if mouse pointer is over the element or its child elements; otherwise, false. The default is false.</returns>
        </member>
        <member name="P:Syncfusion.Windows.PropertyGrid.PropertyViewItem.EditorTemplate">
            <summary>
            Gets or sets the editor template.
            </summary>
            <value>The editor template.</value>
        </member>
        <member name="P:Syncfusion.Windows.PropertyGrid.PropertyViewItem.Name">
            <summary>
            Gets or sets the identifying name of the element. The name provides a reference so that code-behind, such as event handler code, can refer to a markup element after it is constructed during processing by a XAML processor.
            </summary>
            <value></value>
            <returns>The name of the element. The default is an empty string.</returns>
        </member>
        <member name="T:Syncfusion.Windows.PropertyGrid.Properties.Resources">
            <summary>
              A strongly-typed resource class, for looking up localized strings, etc.
            </summary>
        </member>
        <member name="P:Syncfusion.Windows.PropertyGrid.Properties.Resources.ResourceManager">
            <summary>
              Returns the cached ResourceManager instance used by this class.
            </summary>
        </member>
        <member name="P:Syncfusion.Windows.PropertyGrid.Properties.Resources.Culture">
            <summary>
              Overrides the current thread's CurrentUICulture property for all
              resource lookups using this strongly typed resource class.
            </summary>
        </member>
    </members>
</doc>
